{
  "N": 128,
  "n_samples": 8,
  "thresholds": [
    0.3,
    0.4,
    0.5,
    0.6,
    0.7
  ],
  "flux_full": 2.641607110831501e-06,
  "per_threshold": {
    "0.3": {
      "free_flux": -1.0356596078509028e-06,
      "small_flux": -1.6967801684586448e-05,
      "large_flux": 5.294741157513272e-06,
      "free_frac": 0.2944134473800659,
      "small_frac": 0.03577154874801636,
      "large_frac": 0.6698150038719177
    },
    "0.4": {
      "free_flux": -7.833283142133496e-07,
      "small_flux": -1.6967801684586448e-05,
      "large_flux": 6.210686535723653e-06,
      "free_frac": 0.39289820194244385,
      "small_frac": 0.03577154874801636,
      "large_frac": 0.5713302493095398
    },
    "0.5": {
      "free_flux": -4.6923665131259895e-07,
      "small_flux": -1.6967801684586448e-05,
      "large_flux": 7.342891336747925e-06,
      "free_frac": 0.4916682839393616,
      "small_frac": 0.03577154874801636,
      "large_frac": 0.47256016731262207
    },
    "0.6": {
      "free_flux": -7.587453842994307e-08,
      "small_flux": -1.6967801684586448e-05,
      "large_flux": 8.800476337000873e-06,
      "free_frac": 0.5911311507225037,
      "small_frac": 0.03577154874801636,
      "large_frac": 0.37309730052948
    },
    "0.7": {
      "free_flux": 4.4039073721080513e-07,
      "small_flux": -1.6967801684586448e-05,
      "large_flux": 1.077003594218695e-05,
      "free_frac": 0.6917884349822998,
      "small_frac": 0.03577154874801636,
      "large_frac": 0.27244001626968384
    }
  }
}