{
  "N": 128,
  "n_samples": 8,
  "bands": [
    [
      2,
      4
    ],
    [
      4,
      8
    ],
    [
      8,
      16
    ],
    [
      16,
      32
    ]
  ],
  "fracs": [
    0.4916682839393616,
    0.03577154874801636,
    0.47256016731262207
  ],
  "per_band": {
    "2-4": {
      "free": 6.766964361304417e-05,
      "small": 6.891637667649775e-05,
      "large": 6.713832681271015e-05,
      "full": 6.746263125023688e-05,
      "ratio": 1.0000000015616008
    },
    "4-8": {
      "free": 7.725615932940855e-05,
      "small": 7.874267521401634e-05,
      "large": 7.809498038113816e-05,
      "full": 7.770614956825739e-05,
      "ratio": 1.0000000317819622
    },
    "8-16": {
      "free": 2.9073744478580466e-07,
      "small": 2.966435124207578e-07,
      "large": 2.909712444321144e-07,
      "full": 2.9105834009612863e-07,
      "ratio": 1.000000009470979
    },
    "16-32": {
      "free": 1.4437915576295617e-12,
      "small": 1.3470731183350213e-12,
      "large": 1.5161907492721892e-12,
      "full": 1.4747123149510622e-12,
      "ratio": 0.9999999972651206
    }
  },
  "class_order": [
    "free",
    "small",
    "large"
  ]
}