{
  "window": 59,
  "n_points": 125829120,
  "elapsed_s": 737.5674033164978,
  "betchov_ratio": 0.33333333407252513,
  "mean_SSA": 1.4418640816611858e-06,
  "mean_VS": 4.806213609954226e-07,
  "ratio_SSA_VS": 2.9999999972429814,
  "kurt_SSA": 151.30464047983898,
  "kurt_VS": 89.82797326888897,
  "corr_SSA_VS": 0.03709462949811008,
  "cond_top1_meanSSA": 2.6775980420995867e-05,
  "cond_top1_meanVS": 5.9130428264660995e-06,
  "cond_top01_meanSSA": 6.0157651754742834e-05,
  "cond_top01_meanVS": 7.468184026282253e-06,
  "hist_edges": [
    -15.0,
    -14.625,
    -14.25,
    -13.875,
    -13.5,
    -13.125,
    -12.75,
    -12.375,
    -12.0,
    -11.625,
    -11.25,
    -10.875,
    -10.5,
    -10.125,
    -9.75,
    -9.375,
    -9.0,
    -8.625,
    -8.25,
    -7.875,
    -7.5,
    -7.125,
    -6.75,
    -6.375,
    -6.0,
    -5.625,
    -5.25,
    -4.875,
    -4.5,
    -4.125,
    -3.75,
    -3.375,
    -3.0,
    -2.625,
    -2.25,
    -1.875,
    -1.5,
    -1.125,
    -0.75,
    -0.375,
    0.0,
    0.375,
    0.75,
    1.125,
    1.5,
    1.875,
    2.25,
    2.625,
    3.0,
    3.375,
    3.75,
    4.125,
    4.5,
    4.875,
    5.25,
    5.625,
    6.0,
    6.375,
    6.75,
    7.125,
    7.5,
    7.875,
    8.25,
    8.625,
    9.0,
    9.375,
    9.75,
    10.125,
    10.5,
    10.875,
    11.25,
    11.625,
    12.0,
    12.375,
    12.75,
    13.125,
    13.5,
    13.875,
    14.25,
    14.625,
    15.0
  ],
  "hist_SSA": [
    0.0,
    0.0,
    0.0,
    0.0,
    0.0,
    0.0,
    0.0,
    0.0,
    0.0,
    0.0,
    0.0,
    0.0,
    0.0,
    0.0,
    0.0,
    0.0,
    0.0,
    0.0,
    0.0,
    0.0,
    4.0,
    15.0,
    33.0,
    86.0,
    156.0,
    262.0,
    400.0,
    634.0,
    1082.0,
    1874.0,
    3457.0,
    6527.0,
    13187.0,
    27419.0,
    56425.0,
    120840.0,
    279364.0,
    731899.0,
    2521223.0,
    51223077.0,
    63004569.0,
    4487427.0,
    1610310.0,
    743704.0,
    390604.0,
    222733.0,
    133417.0,
    82583.0,
    52330.0,
    33676.0,
    22259.0,
    15131.0,
    10437.0,
    7493.0,
    5495.0,
    3972.0,
    2986.0,
    2235.0,
    1789.0,
    1400.0,
    1146.0,
    940.0,
    732.0,
    638.0,
    502.0,
    439.0,
    352.0,
    294.0,
    239.0,
    219.0,
    194.0,
    146.0,
    119.0,
    117.0,
    87.0,
    69.0,
    74.0,
    49.0,
    39.0,
    53.0
  ],
  "hist_VS": [
    0.0,
    0.0,
    0.0,
    0.0,
    0.0,
    0.0,
    0.0,
    0.0,
    0.0,
    0.0,
    0.0,
    0.0,
    0.0,
    0.0,
    0.0,
    0.0,
    0.0,
    0.0,
    0.0,
    0.0,
    12.0,
    44.0,
    100.0,
    201.0,
    370.0,
    719.0,
    1315.0,
    2378.0,
    4161.0,
    7053.0,
    11700.0,
    19397.0,
    33149.0,
    58430.0,
    105216.0,
    203524.0,
    429236.0,
    1016259.0,
    3137085.0,
    52479511.0,
    61046358.0,
    4228251.0,
    1500764.0,
    686027.0,
    352541.0,
    194830.0,
    112875.0,
    68018.0,
    42092.0,
    27211.0,
    18071.0,
    12226.0,
    8391.0,
    5891.0,
    4051.0,
    2964.0,
    2178.0,
    1651.0,
    1223.0,
    946.0,
    679.0,
    531.0,
    392.0,
    305.0,
    225.0,
    169.0,
    126.0,
    100.0,
    72.0,
    42.0,
    31.0,
    10.0,
    13.0,
    4.0,
    2.0,
    0.0,
    0.0,
    0.0,
    0.0,
    0.0
  ],
  "hist_Pi": [
    0.0,
    0.0,
    0.0,
    0.0,
    0.0,
    0.0,
    0.0,
    0.0,
    0.0,
    0.0,
    0.0,
    0.0,
    0.0,
    0.0,
    0.0,
    0.0,
    0.0,
    0.0,
    0.0,
    0.0,
    0.0,
    3.0,
    9.0,
    17.0,
    38.0,
    74.0,
    194.0,
    410.0,
    817.0,
    1520.0,
    2819.0,
    5306.0,
    10467.0,
    22331.0,
    49925.0,
    114462.0,
    280909.0,
    771671.0,
    2726049.0,
    49278235.0,
    63835374.0,
    5121098.0,
    1810993.0,
    809946.0,
    409091.0,
    223129.0,
    128115.0,
    77274.0,
    48327.0,
    31191.0,
    20496.0,
    13912.0,
    9426.0,
    6506.0,
    4596.0,
    3373.0,
    2454.0,
    1939.0,
    1415.0,
    1099.0,
    879.0,
    680.0,
    542.0,
    422.0,
    350.0,
    271.0,
    220.0,
    174.0,
    123.0,
    101.0,
    73.0,
    65.0,
    56.0,
    31.0,
    33.0,
    27.0,
    17.0,
    19.0,
    9.0,
    8.0
  ]
}